tmed,modelo,type_value,value,name_modelo,type
5,mtrat3,teffect,0.9889320871275086,Temp (Log-normal),univariate
5,mtrat6,teffect,0.9998127660996268,Temp (Logistic_Mod),univariate
5,mtrat3,predicted,1.186705489726732,Temp (Log-normal),univariate
5,mtrat6,predicted,0.5581072429855414,Temp (Logistic_Mod),univariate
5.1,mtrat3,teffect,0.9815539677436651,Temp (Log-normal),univariate
5.1,mtrat6,teffect,0.9997780886502239,Temp (Logistic_Mod),univariate
5.1,mtrat3,predicted,1.1778518435657521,Temp (Log-normal),univariate
5.1,mtrat6,predicted,0.5580878856255074,Temp (Logistic_Mod),univariate
5.2,mtrat3,teffect,0.9725613633803817,Temp (Log-normal),univariate
5.2,mtrat6,teffect,0.9997369907225635,Temp (Logistic_Mod),univariate
5.2,mtrat3,predicted,1.1670608366768502,Temp (Log-normal),univariate
5.2,mtrat6,predicted,0.5580649442790105,Temp (Logistic_Mod),univariate
5.3,mtrat3,teffect,0.9620963837745716,Temp (Log-normal),univariate
5.3,mtrat6,teffect,0.999688284426846,Temp (Logistic_Mod),univariate
5.3,mtrat3,predicted,1.1545029988740894,Temp (Log-normal),univariate
5.3,mtrat6,predicted,0.5580377558519964,Temp (Logistic_Mod),univariate
5.4,mtrat3,teffect,0.9502973238358431,Temp (Log-normal),univariate
5.4,mtrat6,teffect,0.9996305624397281,Temp (Logistic_Mod),univariate
5.4,mtrat3,predicted,1.1403442822289709,Temp (Log-normal),univariate
5.4,mtrat6,predicted,0.5580055347600257,Temp (Logistic_Mod),univariate
5.5,mtrat3,teffect,0.937297889116322,Temp (Log-normal),univariate
5.5,mtrat6,teffect,0.9995621576088605,Temp (Logistic_Mod),univariate
5.5,mtrat3,predicted,1.1247451316444161,Temp (Log-normal),univariate
5.5,mtrat6,predicted,0.5579673503790527,Temp (Logistic_Mod),univariate
5.6,mtrat3,teffect,0.9232265864782164,Temp (Log-normal),univariate
5.6,mtrat6,teffect,0.9994810951775002,Temp (Logistic_Mod),univariate
5.6,mtrat3,predicted,1.1078597536638624,Temp (Log-normal),univariate
5.6,mtrat6,predicted,0.557922100376642,Temp (Logistic_Mod),univariate
5.7,mtrat3,teffect,0.9082062608660151,Temp (Log-normal),univariate
5.7,mtrat6,teffect,0.9993850363038288,Temp (Logistic_Mod),univariate
5.7,mtrat3,predicted,1.0898355606039964,Temp (Log-normal),univariate
5.7,mtrat6,predicted,0.5578684791837879,Temp (Logistic_Mod),univariate
5.8,mtrat3,teffect,0.8923537602019319,Temp (Log-normal),univariate
5.8,mtrat6,teffect,0.9992712113208984,Temp (Logistic_Mod),univariate
5.8,mtrat3,predicted,1.0708127684336999,Temp (Log-normal),univariate
5.8,mtrat6,predicted,0.557804940739831,Temp (Logistic_Mod),univariate
5.9,mtrat3,teffect,0.8757797116694604,Temp (Log-normal),univariate
5.9,mtrat6,teffect,0.9991363409187883,Temp (Logistic_Mod),univariate
5.9,mtrat3,predicted,1.0509241283172575,Temp (Log-normal),univariate
5.9,mtrat6,predicted,0.5577296544954119,Temp (Logistic_Mod),univariate
6,mtrat3,teffect,0.858588393968647,Temp (Log-normal),univariate
6,mtrat6,teffect,0.9989765431266717,Temp (Logistic_Mod),univariate
6,mtrat3,predicted,1.0302947733223666,Temp (Log-normal),univariate
6,mtrat6,predicted,0.5576404534887661,Temp (Logistic_Mod),univariate
6.1,mtrat3,teffect,0.8408776914698984,Temp (Log-normal),univariate
6.1,mtrat6,teffect,0.9987872236254465,Temp (Logistic_Mod),univariate
6.1,mtrat3,predicted,1.00904216340531,Temp (Log-normal),univariate
6.1,mtrat6,predicted,0.5575347731169457,Temp (Logistic_Mod),univariate
6.2,mtrat3,teffect,0.8227391175244237,Temp (Log-normal),univariate
6.2,mtrat6,teffect,0.9985629465286323,Temp (Logistic_Mod),univariate
6.2,mtrat3,predicted,0.9872761133831776,Temp (Log-normal),univariate
6.2,mtrat6,predicted,0.5574095790041959,Temp (Logistic_Mod),univariate
6.3,mtrat3,teffect,0.8042578954818378,Temp (Log-normal),univariate
6.3,mtrat6,teffect,0.9982972823290077,Temp (Logistic_Mod),univariate
6.3,mtrat3,predicted,0.9650988901539269,Temp (Log-normal),univariate
6.3,mtrat6,predicted,0.5572612821239802,Temp (Logistic_Mod),univariate
6.4,mtrat3,teffect,0.7855130871998948,Temp (Log-normal),univariate
6.4,mtrat6,teffect,0.997982629222246,Temp (Logistic_Mod),univariate
6.4,mtrat3,predicted,0.9426053669063708,Temp (Log-normal),univariate
6.4,mtrat6,predicted,0.5570856390597325,Temp (Logistic_Mod),univariate
6.5,mtrat3,teffect,0.7665777599947877,Temp (Log-normal),univariate
6.5,mtrat6,teffect,0.9976100034918605,Temp (Logistic_Mod),univariate
6.5,mtrat3,predicted,0.9198832234583392,Temp (Log-normal),univariate
6.5,mtrat6,predicted,0.5568776349952693,Temp (Logistic_Mod),univariate
6.6,mtrat3,teffect,0.747519184064887,Temp (Log-normal),univariate
6.6,mtrat6,teffect,0.9971687940834948,Temp (Logistic_Mod),univariate
6.6,mtrat3,predicted,0.8970131831625683,Temp (Log-normal),univariate
6.6,mtrat6,predicted,0.5566313467152718,Temp (Logistic_Mod),univariate
6.7,mtrat3,teffect,0.7283990534219545,Temp (Log-normal),univariate
6.7,mtrat6,teffect,0.9966464759316478,Temp (Logistic_Mod),univariate
6.7,mtrat3,predicted,0.8740692780212492,Temp (Log-normal),univariate
6.7,mtrat6,predicted,0.5563397825808931,Temp (Logistic_Mod),univariate
6.8,mtrat3,teffect,0.7092737242804871,Temp (Log-normal),univariate
6.8,mtrat6,teffect,0.9960282760621442,Temp (Logistic_Mod),univariate
6.8,mtrat3,predicted,0.8511191347501029,Temp (Log-normal),univariate
6.8,mtrat6,predicted,0.5559946961442309,Temp (Logistic_Mod),univariate
6.9,mtrat3,teffect,0.6901944656887998,Temp (Log-normal),univariate
6.9,mtrat6,teffect,0.9952967860318953,Temp (Logistic_Mod),univariate
6.9,mtrat3,predicted,0.828224275532382,Temp (Log-normal),univariate
6.9,mtrat6,predicted,0.5555863698076446,Temp (Logistic_Mod),univariate
7,mtrat3,teffect,0.6712077179373203,Temp (Log-normal),univariate
7,mtrat6,teffect,0.9944315139630096,Temp (Logistic_Mod),univariate
7,mtrat3,predicted,0.8054404281054228,Temp (Log-normal),univariate
7,mtrat6,predicted,0.5551033647639282,Temp (Logistic_Mod),univariate
7.1,mtrat3,teffect,0.6523553549539753,Temp (Log-normal),univariate
7.1,mtrat6,teffect,0.9934083693966469,Temp (Logistic_Mod),univariate
7.1,mtrat3,predicted,0.7828178406316564,Temp (Log-normal),univariate
7.1,mtrat6,predicted,0.5545322334356737,Temp (Logistic_Mod),univariate
7.2,mtrat3,teffect,0.6336749474979891,Temp (Log-normal),univariate
7.2,mtrat6,teffect,0.9921990745977598,Temp (Logistic_Mod),univariate
7.2,mtrat3,predicted,0.7604015975277022,Temp (Log-normal),univariate
7.2,mtrat6,predicted,0.5538571908586555,Temp (Logistic_Mod),univariate
7.300000000000001,mtrat3,teffect,0.6152000244967484,Temp (Log-normal),univariate
7.300000000000001,mtrat6,teffect,0.9907704970140829,Temp (Logistic_Mod),univariate
7.300000000000001,mtrat3,predicted,0.7382319330651674,Temp (Log-normal),univariate
7.300000000000001,mtrat6,predicted,0.5530597420525882,Temp (Logistic_Mod),univariate
7.4,mtrat3,teffect,0.5969603303408065,Temp (Log-normal),univariate
7.4,mtrat6,teffect,0.9890838996437441,Temp (Logistic_Mod),univariate
7.4,mtrat3,predicted,0.7163445401212656,Temp (Log-normal),univariate
7.4,mtrat6,predicted,0.5521182635675129,Temp (Logistic_Mod),univariate
7.5,mtrat3,teffect,0.5789820763647863,Temp (Log-normal),univariate
7.5,mtrat6,teffect,0.9870941095115866,Temp (Logistic_Mod),univariate
7.5,mtrat3,predicted,0.6947708719525899,Temp (Log-normal),univariate
7.5,mtrat6,predicted,0.5510075393175011,Temp (Logistic_Mod),univariate
7.6,mtrat3,teffect,0.5612881851020565,Temp (Log-normal),univariate
7.6,mtrat6,teffect,0.9847486098345186,Temp (Logistic_Mod),univariate
7.6,mtrat3,predicted,0.6735384352975116,Temp (Log-normal),univariate
7.6,mtrat6,predicted,0.5496982538166783,Temp (Logistic_Mod),univariate
7.7,mtrat3,teffect,0.5438985262135648,Temp (Log-normal),univariate
7.7,mtrat6,teffect,0.9819865694496659,Temp (Logistic_Mod),univariate
7.7,mtrat3,predicted,0.6526710734876732,Temp (Log-normal),univariate
7.7,mtrat6,predicted,0.548156450394605,Temp (Logistic_Mod),univariate
7.800000000000001,mtrat3,teffect,0.5268301432608828,Temp (Log-normal),univariate
7.800000000000001,mtrat6,teffect,0.9787378345048907,Temp (Logistic_Mod),univariate
7.800000000000001,mtrat3,predicted,0.6321892385726592,Temp (Log-normal),univariate
7.800000000000001,mtrat6,predicted,0.5463429683460685,Temp (Logistic_Mod),univariate
7.9,mtrat3,teffect,0.5100974707248116,Temp (Log-normal),univariate
7.9,mtrat6,teffect,0.9749219232024093,Temp (Logistic_Mod),univariate
7.9,mtrat3,predicted,0.6121102517394661,Temp (Log-normal),univariate
7.9,mtrat6,predicted,0.5442128817851484,Temp (Logistic_Mod),univariate
8,mtrat3,teffect,0.49371254086800254,Temp (Log-normal),univariate
8,mtrat6,teffect,0.970447085513523,Temp (Logistic_Mod),univariate
8,mtrat3,predicted,0.592448551544925,Temp (Log-normal),univariate
8,mtrat6,predicted,0.5417149747669224,Temp (Logistic_Mod),univariate
8.1,mtrat3,teffect,0.47768518020682477,Temp (Log-normal),univariate
8.1,mtrat6,teffect,0.965209517096489,Temp (Logistic_Mod),univariate
8.1,mtrat3,predicted,0.5732159296793575,Temp (Log-normal),univariate
8.1,mtrat6,predicted,0.538791302487179,Temp (Logistic_Mod),univariate
8.2,mtrat3,teffect,0.46202319549770454,Temp (Log-normal),univariate
8.2,mtrat6,teffect,0.9590928506000165,Temp (Logistic_Mod),univariate
8.2,mtrat3,predicted,0.5544217541477341,Temp (Log-normal),univariate
8.2,mtrat6,predicted,0.5353769073220466,Temp (Logistic_Mod),univariate
8.3,mtrat3,teffect,0.4467325492596088,Temp (Log-normal),univariate
8.3,mtrat6,teffect,0.9519680877187569,Temp (Logistic_Mod),univariate
8.3,mtrat3,predicted,0.5360731798943456,Temp (Log-normal),univariate
8.3,mtrat6,predicted,0.5313997809005688,Temp (Logistic_Mod),univariate
8.4,mtrat3,teffect,0.43181752495019193,Temp (Log-normal),univariate
8.4,mtrat6,teffect,0.9436941798643679,Temp (Logistic_Mod),univariate
8.4,mtrat3,predicted,0.5181753470120046,Temp (Log-normal),univariate
8.4,mtrat6,predicted,0.5267811882421217,Temp (Logistic_Mod),univariate
8.5,mtrat3,teffect,0.41728088199099345,Temp (Log-normal),univariate
8.5,mtrat6,teffect,0.9341195098019273,Temp (Logistic_Mod),univariate
8.5,mtrat3,predicted,0.5007315667702437,Temp (Log-normal),univariate
8.5,mtrat6,predicted,0.5214364948232817,Temp (Logistic_Mod),univariate
8.6,mtrat3,teffect,0.4031240008993911,Temp (Log-normal),univariate
8.6,mtrat6,teffect,0.9230845633070861,Temp (Logistic_Mod),univariate
8.6,mtrat3,predicted,0.4837434957717476,Temp (Log-normal),univariate
8.6,mtrat6,predicted,0.5152766579282654,Temp (Logistic_Mod),univariate
8.7,mtrat3,teffect,0.3893470188338421,Temp (Log-normal),univariate
8.7,mtrat6,teffect,0.9104260966324271,Temp (Logistic_Mod),univariate
8.7,mtrat3,predicted,0.4672112986048599,Temp (Log-normal),univariate
8.7,mtrat6,predicted,0.5082105529776568,Temp (Logistic_Mod),univariate
8.8,mtrat3,teffect,0.3759489558962403,Temp (Log-normal),univariate
8.8,mtrat6,teffect,0.8959830852543205,Temp (Logistic_Mod),univariate
8.8,mtrat3,predicted,0.4511337994047491,Temp (Log-normal),univariate
8.8,mtrat6,predicted,0.5001482941888541,Temp (Logistic_Mod),univariate
8.9,mtrat3,teffect,0.3629278325626215,Temp (Log-normal),univariate
8.9,mtrat6,teffect,0.8796046608358703,Temp (Logistic_Mod),univariate
8.9,mtrat3,predicted,0.43550862276870994,Temp (Log-normal),univariate
8.9,mtrat6,predicted,0.49100566508211846,Temp (Logistic_Mod),univariate
9,mtrat3,teffect,0.3502807786324536,Temp (Log-normal),univariate
9,mtrat6,teffect,0.861160084381694,Temp (Logistic_Mod),univariate
9,mtrat3,predicted,0.42033232449387686,Temp (Log-normal),univariate
9,mtrat6,predicted,0.4807096856128479,Temp (Logistic_Mod),univariate
9.100000000000001,mtrat3,teffect,0.33800413409867675,Temp (Log-normal),univariate
9.100000000000001,mtrat6,teffect,0.8405505472363071,Temp (Logistic_Mod),univariate
9.100000000000001,mtrat3,predicted,0.40560051261994556,Temp (Log-normal),univariate
9.100000000000001,mtrat6,predicted,0.46920519962764506,Temp (Logistic_Mod),univariate
9.2,mtrat3,teffect,0.3260935423466334,Temp (Log-normal),univariate
9.2,mtrat6,teffect,0.8177222361371088,Temp (Logistic_Mod),univariate
9.2,mtrat3,predicted,0.39130795926666223,Temp (Log-normal),univariate
9.2,mtrat6,predicted,0.4564621679305281,Temp (Logistic_Mod),univariate
9.3,mtrat3,teffect,0.31454403609106046,Temp (Log-normal),univariate
9.3,mtrat6,teffect,0.7926796697191556,Temp (Logistic_Mod),univariate
9.3,mtrat3,predicted,0.37744870375708295,Temp (Log-normal),univariate
9.3,mtrat6,predicted,0.44248311287672065,Temp (Logistic_Mod),univariate
9.4,mtrat3,teffect,0.3033501164572978,Temp (Log-normal),univariate
9.4,mtrat6,teffect,0.76549787575583506,Temp (Logistic_Mod),univariate
9.4,mtrat3,predicted,0.36401614751398353,Temp (Log-normal),univariate
9.4,mtrat6,predicted,0.4273099158515906,Temp (Logistic_Mod),univariate
9.5,mtrat3,teffect,0.2925058256065095,Temp (Log-normal),univariate
9.5,mtrat6,teffect,0.7363316359928336,Temp (Logistic_Mod),univariate
9.5,mtrat3,predicted,0.3510031412091688,Temp (Log-normal),univariate
9.5,mtrat6,predicted,0.41102897784568204,Temp (Logistic_Mod),univariate
9.600000000000001,mtrat3,teffect,0.2820048132957271,Temp (Log-normal),univariate
9.600000000000001,mtrat6,teffect,0.7054199108875627,Temp (Logistic_Mod),univariate
9.600000000000001,mtrat3,predicted,0.3384020646346489,Temp (Log-normal),univariate
9.600000000000001,mtrat6,predicted,0.3937736893962939,Temp (Logistic_Mod),univariate
9.7,mtrat3,teffect,0.2718403977524171,Temp (Log-normal),univariate
9.7,mtrat6,teffect,0.673083794406315,Temp (Logistic_Mod),univariate
9.7,mtrat3,predicted,0.3262048997513191,Temp (Log-normal),univariate
9.7,mtrat6,predicted,0.3757232889312031,Temp (Logistic_Mod),univariate
9.8,mtrat3,teffect,0.26200562123057436,Temp (Log-normal),univariate
9.8,mtrat6,teffect,0.6397170042948539,Temp (Logistic_Mod),univariate
9.8,mtrat3,predicted,0.3144032973555405,Temp (Log-normal),univariate
9.8,mtrat6,predicted,0.3570975543258808,Temp (Logistic_Mod),univariate
9.9,mtrat3,teffect,0.252493300601432,Temp (Log-normal),univariate
9.9,mtrat6,teffect,0.6057689404647891,Temp (Logistic_Mod),univariate
9.9,mtrat3,predicted,0.30298863778732626,Temp (Log-normal),univariate
9.9,mtrat6,predicted,0.3381473458955489,Temp (Logistic_Mod),univariate
10,mtrat3,teffect,0.24329607331710287,Temp (Log-normal),univariate
10,mtrat6,teffect,0.5717215645909854,Temp (Logistic_Mod),univariate
10,mtrat3,predicted,0.29195208608610657,Temp (Log-normal),univariate
10,mtrat6,predicted,0.3191417003145766,Temp (Logistic_Mod),univariate
10.100000000000001,mtrat3,teffect,0.23440643907016137,Temp (Log-normal),univariate
10.100000000000001,mtrat6,teffect,0.5380624851108795,Temp (Logistic_Mod),univariate
10.100000000000001,mtrat3,predicted,0.28128464198167835,Temp (Log-normal),univariate
10.100000000000001,mtrat6,predicted,0.30035280634660216,Temp (Logistic_Mod),univariate
10.2,mtrat3,teffect,0.22581679745652217,Temp (Log-normal),univariate
10.2,mtrat6,teffect,0.5052573710151195,Temp (Logistic_Mod),univariate
10.2,mtrat3,predicted,0.27097718508916424,Temp (Log-normal),univariate
10.2,mtrat6,predicted,0.28204060589807706,Temp (Logistic_Mod),univariate
10.3,mtrat3,teffect,0.2175194819332339,Temp (Log-normal),univariate
10.3,mtrat6,teffect,0.4737249518148385,Temp (Logistic_Mod),univariate
10.3,mtrat3,predicted,0.26102051565791795,Temp (Log-normal),univariate
10.3,mtrat6,predicted,0.26443883870601903,Temp (Logistic_Mod),univariate
10.4,mtrat3,teffect,0.2095067903471234,Temp (Log-normal),univariate
10.4,mtrat6,teffect,0.4438173500654571,Temp (Logistic_Mod),univariate
10.4,mtrat3,predicted,0.2514053912054959,Temp (Log-normal),univariate
10.4,mtrat6,predicted,0.24774406372152602,Temp (Logistic_Mod),univariate
10.5,mtrat3,teffect,0.20177101229472874,Temp (Log-normal),univariate
10.5,mtrat6,teffect,0.4158074867773732,Temp (Logistic_Mod),univariate
10.5,mtrat3,predicted,0.24212255934921628,Temp (Log-normal),univariate
10.5,mtrat6,predicted,0.23210862866192136,Temp (Logistic_Mod),univariate
10.600000000000001,mtrat3,teffect,0.1943044535587909,Temp (Log-normal),univariate
10.600000000000001,mtrat6,teffect,0.38988407826819826,Temp (Logistic_Mod),univariate
10.600000000000001,mtrat3,predicted,0.23316278712962796,Temp (Log-normal),univariate
10.600000000000001,mtrat6,predicted,0.2176378771948393,Temp (Logistic_Mod),univariate
10.7,mtrat3,teffect,0.18709945785178692,Temp (Log-normal),univariate
10.7,mtrat6,teffect,0.36615360871092917,Temp (Logistic_Mod),univariate
10.7,mtrat3,predicted,0.2245168871024639,Temp (Log-normal),univariate
10.7,mtrat6,predicted,0.2043912500378101,Temp (Logistic_Mod),univariate
10.8,mtrat3,teffect,0.1801484260826644,Temp (Log-normal),univariate
10.8,mtrat6,teffect,0.34464784355971684,Temp (Logistic_Mod),univariate
10.8,mtrat3,predicted,0.21617574045846888,Temp (Log-normal),univariate
10.8,mtrat6,predicted,0.19238647904087564,Temp (Logistic_Mod),univariate
10.9,mtrat3,teffect,0.17344383334914812,Temp (Log-normal),univariate
10.9,mtrat6,teffect,0.32533504451053297,Temp (Logistic_Mod),univariate
10.9,mtrat3,predicted,0.20813031741394403,Temp (Log-normal),univariate
10.9,mtrat6,predicted,0.18160584750951173,Temp (Logistic_Mod),univariate
11,mtrat3,teffect,0.1669782438447176,Temp (Log-normal),univariate
11,mtrat6,teffect,0.30813303122662794,Temp (Logistic_Mod),univariate
11,mtrat3,predicted,0.20037169509892355,Temp (Log-normal),univariate
11,mtrat6,predicted,0.17200348141337385,Temp (Logistic_Mod),univariate
11.100000000000001,mtrat3,teffect,0.1607443238567045,Temp (Log-normal),univariate
11.100000000000001,mtrat6,teffect,0.29292250159624916,Temp (Logistic_Mod),univariate
11.100000000000001,mtrat3,predicted,0.19289107315472073,Temp (Log-normal),univariate
11.100000000000001,mtrat6,predicted,0.1635127849107902,Temp (Logistic_Mod),univariate
11.2,mtrat3,teffect,0.15473485301986004,Temp (Log-normal),univariate
11.2,mtrat6,teffect,0.2795594363228102,Temp (Logistic_Mod),univariate
11.2,mtrat3,predicted,0.18567978723806047,Temp (Log-normal),univariate
11.2,mtrat6,predicted,0.15605336473686165,Temp (Logistic_Mod),univariate
11.3,mtrat3,teffect,0.14894273397826982,Temp (Log-normal),univariate
11.3,mtrat6,teffect,0.2678858563476878,Temp (Logistic_Mod),univariate
11.3,mtrat3,predicted,0.1787293206152502,Temp (Log-normal),univariate
11.3,mtrat6,predicted,0.14953703512336522,Temp (Logistic_Mod),univariate
11.4,mtrat3,teffect,0.1433610005976086,Temp (Log-normal),univariate
11.4,mtrat6,teffect,0.2577385918749111,Temp (Logistic_Mod),univariate
11.4,mtrat3,predicted,0.17203131401677732,Temp (Log-normal),univariate
11.4,mtrat6,predicted,0.14387271277145178,Temp (Logistic_Mod),univariate
11.5,mtrat3,teffect,0.13798282485943691,Temp (Log-normal),univariate
11.5,mtrat6,teffect,0.24895601933821176,Temp (Logistic_Mod),univariate
11.5,mtrat3,predicted,0.1655775739103745,Temp (Log-normal),univariate
11.5,mtrat6,predicted,0.13897017750587448,Temp (Logistic_Mod),univariate
11.600000000000001,mtrat3,teffect,0.13280152255953426,Temp (Log-normal),univariate
11.600000000000001,mtrat6,teffect,0.24138291964779107,Temp (Logistic_Mod),univariate
11.600000000000001,mtrat3,predicted,0.1593600793389445,Temp (Log-normal),univariate
11.600000000000001,mtrat6,predicted,0.13474278420546307,Temp (Logistic_Mod),univariate
11.7,mtrat3,teffect,0.12781055792312512,Temp (Log-normal),univariate
11.7,mtrat6,teffect,0.2348737196408962,Temp (Logistic_Mod),univariate
11.7,mtrat3,predicted,0.15337098745877067,Temp (Log-normal),univariate
11.7,mtrat6,predicted,0.13110927221895222,Temp (Logistic_Mod),univariate
11.8,mtrat3,teffect,0.12300354724126691,Temp (Log-normal),univariate
11.8,mtrat6,teffect,0.2292944198751982,Temp (Logistic_Mod),univariate
11.8,mtrat3,predicted,0.14760263790313466,Temp (Log-normal),univariate
11.8,mtrat6,predicted,0.12799484148191428,Temp (Logistic_Mod),univariate
11.9,mtrat3,teffect,0.11837426162461481,Temp (Log-normal),univariate
11.9,mtrat6,teffect,0.22452350786808678,Temp (Logistic_Mod),univariate
11.9,mtrat3,predicted,0.14204755608679784,Temp (Log-normal),univariate
11.9,mtrat6,predicted,0.12533166229767267,Temp (Logistic_Mod),univariate
12,mtrat3,teffect,0.11391662896323665,Temp (Log-normal),univariate
12,mtrat6,teffect,0.2204521255337893,Temp (Logistic_Mod),univariate
12,mtrat3,predicted,0.1366984555577535,Temp (Log-normal),univariate
12,mtrat6,predicted,0.12305896880267043,Temp (Logistic_Mod),univariate
12.100000000000001,mtrat3,teffect,0.10962473517409844,Temp (Log-normal),univariate
12.100000000000001,mtrat6,teffect,0.216983717072007,Temp (Logistic_Mod),univariate
12.100000000000001,mtrat3,predicted,0.13154823949419314,Temp (Log-normal),univariate
12.100000000000001,mtrat6,predicted,0.12112286241376667,Temp (Logistic_Mod),univariate
12.2,mtrat3,teffect,0.10549282481126364,Temp (Log-normal),univariate
12.2,mtrat6,teffect,0.2140333383774284,Temp (Logistic_Mod),univariate
12.2,mtrat3,predicted,0.12659000143673732,Temp (Log-normal),univariate
12.2,mtrat6,predicted,0.11947592633250598,Temp (Logistic_Mod),univariate
12.3,mtrat3,teffect,0.10151530110770418,Temp (Log-normal),univariate
12.3,mtrat6,teffect,0.21152676676153767,Temp (Logistic_Mod),univariate
12.3,mtrat3,predicted,0.12181702533860854,Temp (Log-normal),univariate
12.3,mtrat6,predicted,0.11807672858136303,Temp (Logistic_Mod),univariate
12.4,mtrat3,teffect,0.09768672551191843,Temp (Log-normal),univariate
12.4,mtrat6,teffect,0.20939951318321745,Temp (Logistic_Mod),univariate
12.4,mtrat3,predicted,0.1172227850095788,Temp (Log-normal),univariate
12.4,mtrat6,predicted,0.11688927061924984,Temp (Logistic_Mod),univariate
12.5,mtrat3,teffect,0.09400181677722827,Temp (Log-normal),univariate
12.5,mtrat6,teffect,0.20759580919790455,Temp (Logistic_Mod),univariate
12.5,mtrat3,predicted,0.11280094302313816,Temp (Log-normal),univariate
12.5,mtrat6,predicted,0.11588242184462166,Temp (Logistic_Mod),univariate
12.600000000000001,mtrat3,teffect,0.09045544965670228,Temp (Log-normal),univariate
12.600000000000001,mtrat6,teffect,0.20606761728688489,Temp (Logistic_Mod),univariate
12.600000000000001,mtrat3,predicted,0.10854534915041963,Temp (Log-normal),univariate
12.600000000000001,mtrat6,predicted,0.1150293671496519,Temp (Logistic_Mod),univariate
12.7,mtrat3,teffect,0.08704265325206928,Temp (Log-normal),univariate
12.7,mtrat6,teffect,0.2047736953882374,Temp (Logistic_Mod),univariate
12.7,mtrat3,predicted,0.10445003837891723,Temp (Log-normal),univariate
12.7,mtrat6,predicted,0.1143070847304046,Temp (Logistic_Mod),univariate
12.8,mtrat3,teffect,0.08375860906074722,Temp (Log-normal),univariate
12.8,mtrat6,teffect,0.20367873337200235,Temp (Logistic_Mod),univariate
12.8,mtrat3,predicted,0.10050922856894634,Temp (Log-normal),univariate
12.8,mtrat6,predicted,0.11369586405711912,Temp (Logistic_Mod),univariate
12.9,mtrat3,teffect,0.08059864876118845,Temp (Log-normal),univariate
12.9,mtrat6,teffect,0.20275256992305235,Temp (Logistic_Mod),univariate
12.9,mtrat3,predicted,0.09671731779608715,Temp (Log-normal),univariate
12.9,mtrat6,predicted,0.1131788687290199,Temp (Logistic_Mod),univariate
13,mtrat3,teffect,0.07755825177310696,Temp (Log-normal),univariate
13,mtrat6,teffect,0.2019694919451728,Temp (Logistic_Mod),univariate
13,mtrat3,predicted,0.09306888142348949,Temp (Log-normal),univariate
13,mtrat6,predicted,0.11274174539343579,Temp (Logistic_Mod),univariate
13.1,mtrat3,teffect,0.07463304262580864,Temp (Log-normal),univariate
13.1,mtrat6,teffect,0.2013076144423623,Temp (Logistic_Mod),univariate
13.1,mtrat3,predicted,0.08955866894390373,Temp (Log-normal),univariate
13.1,mtrat6,predicted,0.11237227758824984,Temp (Logistic_Mod),univariate
13.200000000000001,mtrat3,teffect,0.07181878816474219,Temp (Log-normal),univariate
13.200000000000001,mtrat6,teffect,0.20074833627350158,Temp (Logistic_Mod),univariate
13.200000000000001,mtrat3,predicted,0.0861816006275787,Temp (Log-normal),univariate
13.200000000000001,mtrat6,predicted,0.11206008193775567,Temp (Logistic_Mod),univariate
13.3,mtrat3,teffect,0.06911139462354436,Temp (Log-normal),univariate
13.3,mtrat6,teffect,0.2002758657504334,Temp (Logistic_Mod),univariate
13.3,mtrat3,predicted,0.08293276400875442,Temp (Log-normal),univariate
13.3,mtrat6,predicted,0.11179634333592704,Temp (Logistic_Mod),univariate
13.4,mtrat3,teffect,0.06650690458622066,Temp (Log-normal),univariate
13.4,mtrat6,teffect,0.19987680940536637,Temp (Logistic_Mod),univariate
13.4,mtrat3,predicted,0.07980741024031905,Temp (Log-normal),univariate
13.4,mtrat6,predicted,0.11157358539154703,Temp (Logistic_Mod),univariate
13.5,mtrat3,teffect,0.06400149386169045,Temp (Log-normal),univariate
13.5,mtrat6,teffect,0.1995398171308992,Temp (Logistic_Mod),univariate
13.5,mtrat3,predicted,0.07680095034330402,Temp (Log-normal),univariate
13.5,mtrat6,predicted,0.1113854723411966,Temp (Logistic_Mod),univariate
13.6,mtrat3,teffect,0.06159146829070023,Temp (Log-normal),univariate
13.6,mtrat6,teffect,0.19925527710619695,Temp (Logistic_Mod),univariate
13.6,mtrat3,predicted,0.07390895137522206,Temp (Log-normal),univariate
13.6,mtrat6,predicted,0.11122663875345885,Temp (Logistic_Mod),univariate
13.700000000000001,mtrat3,teffect,0.05927326050307495,Temp (Log-normal),univariate
13.700000000000001,mtrat6,teffect,0.19901505433219768,Temp (Logistic_Mod),univariate
13.700000000000001,mtrat3,predicted,0.07112713253881144,Temp (Log-normal),univariate
13.700000000000001,mtrat6,predicted,0.11109254357619672,Temp (Logistic_Mod),univariate
13.8,mtrat3,teffect,0.05704342664139942,Temp (Log-normal),univariate
13.8,mtrat6,teffect,0.19881226711453379,Temp (Logistic_Mod),univariate
13.8,mtrat3,predicted,0.06845136125049674,Temp (Log-normal),univariate
13.8,mtrat6,predicted,0.11097934536669134,Temp (Logistic_Mod),univariate
13.9,mtrat3,teffect,0.054898643065515625,Temp (Log-normal),univariate
13.9,mtrat6,teffect,0.1986410963926071,Temp (Logistic_Mod),univariate
13.9,mtrat3,predicted,0.06587764918582908,Temp (Log-normal),univariate
13.9,mtrat6,predicted,0.1108837958568896,Temp (Logistic_Mod),univariate
14,mtrat3,teffect,0.052835703050645444,Temp (Log-normal),univariate
14,mtrat6,teffect,0.1984966233761717,Temp (Logistic_Mod),univariate
14,mtrat3,predicted,0.06340214831727678,Temp (Log-normal),univariate
14,mtrat6,predicted,0.11080314932023541,Temp (Logistic_Mod),univariate
14.1,mtrat3,teffect,0.05085151349051978,Temp (Log-normal),univariate
14.1,mtrat6,teffect,0.19837469149143294,Temp (Logistic_Mod),univariate
14.1,mtrat3,predicted,0.06102114695802369,Temp (Log-normal),univariate
14.1,mtrat6,predicted,0.11073508550835887,Temp (Logistic_Mod),univariate
14.200000000000001,mtrat3,teffect,0.04894309161557865,Temp (Log-normal),univariate
14.200000000000001,mtrat6,teffect,0.19827178914233953,Temp (Logistic_Mod),univariate
14.200000000000001,mtrat3,predicted,0.05873106582385253,Temp (Log-normal),univariate
14.200000000000001,mtrat6,predicted,0.11067764420705072,Temp (Logistic_Mod),univariate
14.3,mtrat3,teffect,0.04710756173511538,Temp (Log-normal),univariate
14.3,mtrat6,teffect,0.19818495025194807,Temp (Logistic_Mod),univariate
14.3,mtrat3,predicted,0.056528454123760764,Temp (Log-normal),univariate
14.3,mtrat6,predicted,0.11062916971728262,Temp (Logistic_Mod),univariate
14.4,mtrat3,teffect,0.04534215201114633,Temp (Log-normal),univariate
14.4,mtrat6,teffect,0.19811166996082755,Temp (Logistic_Mod),univariate
14.4,mtrat3,predicted,0.05440998568864678,Temp (Log-normal),univariate
14.4,mtrat6,predicted,0.11058826379706518,Temp (Logistic_Mod),univariate
14.5,mtrat3,teffect,0.04364419127079535,Temp (Log-normal),univariate
14.5,mtrat6,teffect,0.1980498332248591,Temp (Logistic_Mod),univariate
14.5,mtrat3,predicted,0.05237245514621311,Temp (Log-normal),univariate
14.5,mtrat6,predicted,0.11055374580390012,Temp (Logistic_Mod),univariate
14.600000000000001,mtrat3,teffect,0.0420111058630811,Temp (Log-normal),univariate
14.600000000000001,mtrat6,teffect,0.19799765437576877,Temp (Logistic_Mod),univariate
14.600000000000001,mtrat3,predicted,0.05041277414915264,Temp (Log-normal),univariate
14.600000000000001,mtrat6,predicted,0.11052461895675895,Temp (Logistic_Mod),univariate
14.700000000000001,mtrat3,teffect,0.04044041656517602,Temp (Log-normal),univariate
14.700000000000001,mtrat6,teffect,0.19795362598764465,Temp (Logistic_Mod),univariate
14.700000000000001,mtrat3,predicted,0.048527967662700094,Temp (Log-normal),univariate
14.700000000000001,mtrat6,predicted,0.11050004179277163,Temp (Logistic_Mod),univariate
14.8,mtrat3,teffect,0.038929735542464386,Temp (Log-normal),univariate
14.8,mtrat6,teffect,0.1979164756353689,Temp (Logistic_Mod),univariate
14.8,mtrat3,predicted,0.046715170316741654,Temp (Log-normal),univariate
14.8,mtrat6,predicted,0.11047930402927474,Temp (Logistic_Mod),univariate
14.9,mtrat3,teffect,0.03747676336605322,Temp (Log-normal),univariate
14.9,mtrat6,teffect,0.19788512934029862,Temp (Logistic_Mod),univariate
14.9,mtrat3,predicted,0.04497162282686735,Temp (Log-normal),univariate
14.9,mtrat6,predicted,0.1104618061587607,Temp (Logistic_Mod),univariate
15,mtrat3,teffect,0.03607928609078443,Temp (Log-normal),univariate
15,mtrat6,teffect,0.19785868067853363,Temp (Logistic_Mod),univariate
15,mtrat3,predicted,0.04329466848802405,Temp (Log-normal),univariate
15,mtrat6,predicted,0.11044704220474968,Temp (Logistic_Mod),univariate
15.100000000000001,mtrat3,teffect,0.03473517239624692,Temp (Log-normal),univariate
15.100000000000001,mtrat6,teffect,0.19783636468135496,Temp (Logistic_Mod),univariate
15.100000000000001,mtrat3,predicted,0.04168174974376767,Temp (Log-normal),univariate
15.100000000000001,mtrat6,predicted,0.11043458515270739,Temp (Logistic_Mod),univariate
15.200000000000001,mtrat3,teffect,0.033442370792795426,Temp (Log-normal),univariate
15.200000000000001,mtrat6,teffect,0.1978175357892502,Temp (Logistic_Mod),univariate
15.200000000000001,mtrat3,predicted,0.04013040483352249,Temp (Log-normal),univariate
15.200000000000001,mtrat6,predicted,0.11042407464372274,Temp (Logistic_Mod),univariate
15.3,mtrat3,teffect,0.032198906894137014,Temp (Log-normal),univariate
15.3,mtrat6,teffect,0.19780164923338114,Temp (Logistic_Mod),univariate
15.3,mtrat3,predicted,0.038638264519720855,Temp (Log-normal),univariate
15.3,mtrat6,predicted,0.11041520658142423,Temp (Logistic_Mod),univariate
15.4,mtrat3,teffect,0.031002880757651185,Temp (Log-normal),univariate
15.4,mtrat6,teffect,0.19778824531407513,Temp (Logistic_Mod),univariate
15.4,mtrat3,predicted,0.03720304889622235,Temp (Log-normal),univariate
15.4,mtrat6,predicted,0.11040772435604891,Temp (Logistic_Mod),univariate
15.5,mtrat3,teffect,0.02985246429325004,Temp (Log-normal),univariate
15.5,mtrat6,teffect,0.19777693612730263,Temp (Logistic_Mod),univariate
15.5,mtrat3,predicted,0.03582256427898004,Temp (Log-normal),univariate
15.5,mtrat6,predicted,0.11040141143500606,Temp (Logistic_Mod),univariate
15.600000000000001,mtrat3,teffect,0.02874589874127065,Temp (Log-normal),univariate
15.600000000000001,mtrat6,teffect,0.1977673943592018,Temp (Logistic_Mod),univariate
15.600000000000001,mtrat3,predicted,0.03449470017954455,Temp (Log-normal),univariate
15.600000000000001,mtrat6,predicted,0.1103960851078491,Temp (Logistic_Mod),univariate
15.700000000000001,mtrat3,teffect,0.027681492219605208,Temp (Log-normal),univariate
15.700000000000001,mtrat6,teffect,0.1977593438273228,Temp (Logistic_Mod),univariate
15.700000000000001,mtrat3,predicted,0.03321742636165249,Temp (Log-normal),univariate
15.700000000000001,mtrat6,predicted,0.11039159120628682,Temp (Logistic_Mod),univariate
15.8,mtrat3,teffect,0.026657617340027185,Temp (Log-normal),univariate
15.8,mtrat6,teffect,0.19775255149693755,Temp (Logistic_Mod),univariate
15.8,mtrat3,predicted,0.031988789980849246,Temp (Log-normal),univariate
15.8,mtrat6,predicted,0.11038779964759374,Temp (Logistic_Mod),univariate
15.9,mtrat3,teffect,0.02567270889344634,Temp (Log-normal),univariate
15.9,mtrat6,teffect,0.19774682074282812,Temp (Logistic_Mod),univariate
15.9,mtrat3,predicted,0.03080691280682545,Temp (Log-normal),univariate
15.9,mtrat6,predicted,0.11038460067326106,Temp (Logistic_Mod),univariate
16,mtrat3,teffect,0.02472526160363253,Temp (Log-normal),univariate
16,mtrat6,teffect,0.1977419856625724,Temp (Logistic_Mod),univariate
16,mtrat3,predicted,0.029669988527915088,Temp (Log-normal),univariate
16,mtrat6,predicted,0.11038190167460588,Temp (Logistic_Mod),univariate
16.1,mtrat3,teffect,0.02381382794877583,Temp (Log-normal),univariate
16.1,mtrat6,teffect,0.1977379062774671,Temp (Logistic_Mod),univariate
16.1,mtrat3,predicted,0.02857628013699634,Temp (Log-normal),univariate
16.1,mtrat6,predicted,0.11037962451387,Temp (Logistic_Mod),univariate
16.200000000000003,mtrat3,teffect,0.02293701605010037,Temp (Log-normal),univariate
16.200000000000003,mtrat6,teffect,0.19773446448269735,Temp (Logistic_Mod),univariate
16.200000000000003,mtrat3,predicted,0.027524117397855964,Temp (Log-normal),univariate
16.200000000000003,mtrat6,predicted,0.11037770326355695,Temp (Logistic_Mod),univariate
16.3,mtrat3,teffect,0.022093487626621222,Temp (Log-normal),univariate
16.3,mtrat6,teffect,0.19773156062989278,Temp (Logistic_Mod),univariate
16.3,mtrat3,predicted,0.026511894390924474,Temp (Log-normal),univariate
16.3,mtrat6,predicted,0.11037608229877459,Temp (Logistic_Mod),univariate
16.4,mtrat3,teffect,0.02128195601502056,Temp (Log-normal),univariate
16.4,mtrat6,teffect,0.19772911064340318,Temp (Logistic_Mod),univariate
16.4,mtrat3,predicted,0.02553806713715359,Temp (Log-normal),univariate
16.4,mtrat6,predicted,0.11037471468750633,Temp (Logistic_Mod),univariate
16.5,mtrat3,teffect,0.020501184253525002,Temp (Log-normal),univariate
16.5,mtrat6,teffect,0.19772704358699833,Temp (Logistic_Mod),univariate
16.5,mtrat3,predicted,0.02460115129869428,Temp (Log-normal),univariate
16.5,mtrat6,predicted,0.11037356083231432,Temp (Logistic_Mod),univariate
16.6,mtrat3,teffect,0.01974998322858511,Temp (Log-normal),univariate
16.6,mtrat6,teffect,0.19772529961067897,Temp (Logistic_Mod),univariate
16.6,mtrat3,predicted,0.02369971995493652,Temp (Log-normal),univariate
16.6,mtrat6,predicted,0.11037258732422518,Temp (Logistic_Mod),univariate
16.700000000000003,mtrat3,teffect,0.019027209883090705,Temp (Log-normal),univariate
16.700000000000003,mtrat6,teffect,0.19772382821825,Temp (Logistic_Mod),univariate
16.700000000000003,mtrat3,predicted,0.022832401452391283,Temp (Log-normal),univariate
16.700000000000003,mtrat6,predicted,0.11037176597566899,Temp (Logistic_Mod),univariate
16.8,mtrat3,teffect,0.018331765484800765,Temp (Log-normal),univariate
16.8,mtrat6,teffect,0.1977225868055658,Temp (Logistic_Mod),univariate
16.8,mtrat3,predicted,0.021997877326829195,Temp (Log-normal),univariate
16.8,mtrat6,predicted,0.11037107300451071,Temp (Logistic_Mod),univariate
16.9,mtrat3,teffect,0.017662593953621783,Temp (Log-normal),univariate
16.9,mtrat6,teffect,0.19772153942717263,Temp (Logistic_Mod),univariate
16.9,mtrat3,predicted,0.02119488029603657,Temp (Log-normal),univariate
16.9,mtrat6,predicted,0.11037048834557538,Temp (Logistic_Mod),univariate
17,mtrat3,teffect,0.017018680246334402,Temp (Log-normal),univariate
17,mtrat6,teffect,0.1977206557556722,Temp (Logistic_Mod),univariate
17,mtrat3,predicted,0.020422192321508645,Temp (Log-normal),univariate
17,mtrat6,predicted,0.11036999506975259,Temp (Logistic_Mod),univariate
17.1,mtrat3,teffect,0.016399048797341446,Temp (Log-normal),univariate
17.1,mtrat6,teffect,0.19771991020369972,Temp (Logistic_Mod),univariate
17.1,mtrat3,predicted,0.019678642737367726,Temp (Log-normal),univariate
17.1,mtrat6,predicted,0.11036957889387451,Temp (Logistic_Mod),univariate
17.200000000000003,mtrat3,teffect,0.015802762013991976,Temp (Log-normal),univariate
17.200000000000003,mtrat6,teffect,0.1977192811831113,Temp (Logistic_Mod),univariate
17.200000000000003,mtrat3,predicted,0.01896310644477186,Temp (Log-normal),univariate
17.200000000000003,mtrat6,predicted,0.1103692277671853,Temp (Logistic_Mod),univariate
17.3,mtrat3,teffect,0.015228918825026036,Temp (Log-normal),univariate
17.3,mtrat6,teffect,0.19771875047994192,Temp (Logistic_Mod),univariate
17.3,mtrat3,predicted,0.018274502170067635,Temp (Log-normal),univariate
17.3,mtrat6,predicted,0.11036893152243554,Temp (Logistic_Mod),univariate
17.4,mtrat3,teffect,0.01467665328067744,Temp (Log-normal),univariate
17.4,mtrat6,teffect,0.19771830272704555,Temp (Logistic_Mod),univariate
17.4,mtrat3,predicted,0.01761179078493194,Temp (Log-normal),univariate
17.4,mtrat6,predicted,0.11036868158150359,Temp (Logistic_Mod),univariate
17.5,mtrat3,teffect,0.014145133202974456,Temp (Log-normal),univariate
17.5,mtrat6,teffect,0.19771792495915277,Temp (Logistic_Mod),univariate
17.5,mtrat3,predicted,0.016973973686750576,Temp (Log-normal),univariate
17.5,mtrat6,predicted,0.11036847070702362,Temp (Logistic_Mod),univariate
17.6,mtrat3,teffect,0.013633558884781224,Temp (Log-normal),univariate
17.6,mtrat6,teffect,0.19771760623746715,Temp (Logistic_Mod),univariate
17.6,mtrat3,predicted,0.016360091237485035,Temp (Log-normal),univariate
17.6,mtrat6,predicted,0.11036829279283081,Temp (Logistic_Mod),univariate
17.700000000000003,mtrat3,teffect,0.013141161836133845,Temp (Log-normal),univariate
17.700000000000003,mtrat6,teffect,0.19771733733293334,Temp (Logistic_Mod),univariate
17.700000000000003,mtrat3,predicted,0.01576922125929234,Temp (Log-normal),univariate
17.700000000000003,mtrat6,predicted,0.11036814268715794,Temp (Logistic_Mod),univariate
17.8,mtrat3,teffect,0.012667203576436676,Temp (Log-normal),univariate
17.8,mtrat6,teffect,0.19771711045900764,Temp (Logistic_Mod),univariate
17.8,mtrat3,predicted,0.015200477585176488,Temp (Log-normal),univariate
17.8,mtrat6,predicted,0.11036801604346477,Temp (Logistic_Mod),univariate
17.9,mtrat3,teffect,0.01221097447110184,Temp (Log-normal),univariate
17.9,mtrat6,teffect,0.19771691904619484,Temp (Logistic_Mod),univariate
17.9,mtrat3,predicted,0.014653008662971156,Temp (Log-normal),univariate
17.9,mtrat6,predicted,0.11036790919458182,Temp (Logistic_Mod),univariate
18,mtrat3,teffect,0.011771792611233293,Temp (Log-normal),univariate
18,mtrat6,teffect,0.19771675755182386,Temp (Logistic_Mod),univariate
18,mtrat3,predicted,0.014125996210975348,Temp (Log-normal),univariate
18,mtrat6,predicted,0.1103678190465249,Temp (Logistic_Mod),univariate
18.1,mtrat3,teffect,0.011349002734978676,Temp (Log-normal),univariate
18.1,mtrat6,teffect,0.19771662129955483,Temp (Logistic_Mod),univariate
18.1,mtrat3,predicted,0.013618653923589795,Temp (Log-normal),univariate
18.1,mtrat6,predicted,0.11036774298890611,Temp (Logistic_Mod),univariate
18.200000000000003,mtrat3,teffect,0.010941975189195395,Temp (Log-normal),univariate
18.200000000000003,mtrat6,teffect,0.1977165063439708,Temp (Logistic_Mod),univariate
18.200000000000003,mtrat3,predicted,0.013130226225329925,Temp (Log-normal),univariate
18.200000000000003,mtrat6,predicted,0.11036767881934734,Temp (Logistic_Mod),univariate
18.3,mtrat3,teffect,0.010550104930103353,Temp (Log-normal),univariate
18.3,mtrat6,teffect,0.19771640935633347,Temp (Logistic_Mod),univariate
18.3,mtrat3,predicted,0.012659987071622292,Temp (Log-normal),univariate
18.3,mtrat6,predicted,0.11036762467970768,Temp (Logistic_Mod),univariate
18.4,mtrat3,teffect,0.010172810561622862,Temp (Log-normal),univariate
18.4,mtrat6,teffect,0.19771632752819532,Temp (Logistic_Mod),univariate
18.4,mtrat3,predicted,0.012207238794822724,Temp (Log-normal),univariate
18.4,mtrat6,predicted,0.11036757900227873,Temp (Logistic_Mod),univariate
18.5,mtrat3,teffect,0.009809533410124534,Temp (Log-normal),univariate
18.5,mtrat6,teffect,0.1977162584900773,Temp (Logistic_Mod),univariate
18.5,mtrat3,predicted,0.011771310993928374,Temp (Log-normal),univariate
18.5,mtrat6,predicted,0.11036754046438942,Temp (Logistic_Mod),univariate
18.6,mtrat3,teffect,0.009459736634347203,Temp (Log-normal),univariate
18.6,mtrat6,teffect,0.1977162002428568,Temp (Logistic_Mod),univariate
18.6,mtrat3,predicted,0.011351559466490932,Temp (Log-normal),univariate
18.6,mtrat6,predicted,0.110367507950106,Temp (Logistic_Mod),univariate
18.700000000000003,mtrat3,teffect,0.009122904369268905,Temp (Log-normal),univariate
18.700000000000003,mtrat6,teffect,0.1977161510998803,Temp (Logistic_Mod),univariate
18.700000000000003,mtrat3,predicted,0.010947365181273075,Temp (Log-normal),univariate
18.700000000000003,mtrat6,predicted,0.11036748051791864,Temp (Logistic_Mod),univariate
18.8,mtrat3,teffect,0.008798540902746949,Temp (Log-normal),univariate
18.8,mtrat6,teffect,0.19771610963812358,Temp (Logistic_Mod),univariate
18.8,mtrat3,predicted,0.010558133290227388,Temp (Log-normal),univariate
18.8,mtrat6,predicted,0.11036745737347849,Temp (Logistic_Mod),univariate
18.9,mtrat3,teffect,0.008486169883773147,Temp (Log-normal),univariate
18.9,mtrat6,teffect,0.19771607465698562,Temp (Logistic_Mod),univariate
18.9,mtrat3,predicted,0.010183292178413055,Temp (Log-normal),univariate
18.9,mtrat6,predicted,0.11036743784659593,Temp (Logistic_Mod),univariate
19,mtrat3,teffect,0.008185333561222002,Temp (Log-normal),univariate
19,mtrat6,teffect,0.19771604514352328,Temp (Logistic_Mod),univariate
19,mtrat3,predicted,0.009822292550503708,Temp (Log-normal),univariate
19,mtrat6,predicted,0.1103674213718342,Temp (Logistic_Mod),univariate
19.1,mtrat3,teffect,0.007895592051999382,Temp (Log-normal),univariate
19.1,mtrat6,teffect,0.19771602024311985,Temp (Logistic_Mod),univariate
19.1,mtrat3,predicted,0.009474606552575461,Temp (Log-normal),univariate
19.1,mtrat6,predicted,0.11036740747213619,Temp (Logistic_Mod),univariate
19.200000000000003,mtrat3,teffect,0.007616522637531846,Temp (Log-normal),univariate
19.200000000000003,mtrat6,teffect,0.19771599923473807,Temp (Logistic_Mod),univariate
19.200000000000003,mtrat3,predicted,0.009139726927903366,Temp (Log-normal),univariate
19.200000000000003,mtrat6,predicted,0.11036739574501044,Temp (Logistic_Mod),univariate
19.3,mtrat3,teffect,0.00734771908756612,Temp (Log-normal),univariate
19.3,mtrat6,teffect,0.19771598151004124,Temp (Logistic_Mod),univariate
19.3,mtrat3,predicted,0.008817166205529687,Temp (Log-normal),univariate
19.3,mtrat6,predicted,0.11036738585087624,Temp (Logistic_Mod),univariate
19.4,mtrat3,teffect,0.007088791010280279,Temp (Log-normal),univariate
19.4,mtrat6,teffect,0.19771596655577786,Temp (Logistic_Mod),univariate
19.4,mtrat3,predicted,0.008506455920405854,Temp (Log-normal),univariate
19.4,mtrat6,predicted,0.11036737750323058,Temp (Logistic_Mod),univariate
19.5,mtrat3,teffect,0.006839363227737601,Temp (Log-normal),univariate
19.5,mtrat6,teffect,0.1977159539389193,Temp (Logistic_Mod),univariate
19.5,mtrat3,predicted,0.008207145863945326,Temp (Log-normal),univariate
19.5,mtrat6,predicted,0.11036737046035176,Temp (Logistic_Mod),univariate
19.6,mtrat3,teffect,0.006599075175744869,Temp (Log-normal),univariate
19.6,mtrat6,teffect,0.19771594329412095,Temp (Logistic_Mod),univariate
19.6,mtrat3,predicted,0.007918803363861445,Temp (Log-normal),univariate
19.6,mtrat6,predicted,0.11036736451830016,Temp (Logistic_Mod),univariate
19.700000000000003,mtrat3,teffect,0.006367580327206226,Temp (Log-normal),univariate
19.700000000000003,mtrat6,teffect,0.19771593431314274,Temp (Logistic_Mod),univariate
19.700000000000003,mtrat3,predicted,0.0076410125921996435,Temp (Log-normal),univariate
19.700000000000003,mtrat6,predicted,0.11036735950501252,Temp (Logistic_Mod),univariate
19.8,mtrat3,teffect,0.006144545638092874,Temp (Log-normal),univariate
19.8,mtrat6,teffect,0.19771592673592364,Temp (Logistic_Mod),univariate
19.8,mtrat3,predicted,0.007373373900508387,Temp (Log-normal),univariate
19.8,mtrat6,predicted,0.11036735527531971,Temp (Logistic_Mod),univariate
19.9,mtrat3,teffect,0.005929651015177951,Temp (Log-normal),univariate
19.9,mtrat6,teffect,0.19771592034305113,Temp (Logistic_Mod),univariate
19.9,mtrat3,predicted,0.0071155031811280245,Temp (Log-normal),univariate
19.9,mtrat6,predicted,0.1103673517067431,Temp (Logistic_Mod),univariate
20,mtrat3,teffect,0.00572258880471373,Temp (Log-normal),univariate
20,mtrat6,teffect,0.19771591494940755,Temp (Logistic_Mod),univariate
20,mtrat3,predicted,0.006867031253610154,Temp (Log-normal),univariate
20,mtrat6,predicted,0.11036734869594782,Temp (Logistic_Mod),univariate
20.1,mtrat3,teffect,0.005523063301256315,Temp (Log-normal),univariate
20.1,mtrat6,teffect,0.19771591039880984,Temp (Logistic_Mod),univariate
20.1,mtrat3,predicted,0.006627603275313727,Temp (Log-normal),univariate
20.1,mtrat6,predicted,0.11036734615575067,Temp (Logistic_Mod),univariate
20.200000000000003,mtrat3,teffect,0.005330790275869441,Temp (Log-normal),univariate
20.200000000000003,mtrat6,teffect,0.19771590655948693,Temp (Logistic_Mod),univariate
20.200000000000003,mtrat3,predicted,0.0063968781752558185,Temp (Log-normal),univariate
20.200000000000003,mtrat6,predicted,0.11036734401259547,Temp (Logistic_Mod),univariate
20.3,mtrat3,teffect,0.005145496522966029,Temp (Log-normal),univariate
20.3,mtrat6,teffect,0.197715903320264,Temp (Logistic_Mod),univariate
20.3,mtrat3,predicted,0.0061745281103274515,Temp (Log-normal),univariate
20.3,mtrat6,predicted,0.11036734220442315,Temp (Logistic_Mod),univariate
20.4,mtrat3,teffect,0.004966919425071425,Temp (Log-normal),univariate
20.4,mtrat6,teffect,0.19771590058734329,Temp (Logistic_Mod),univariate
20.4,mtrat3,predicted,0.005960237943015214,Temp (Log-normal),univariate
20.4,mtrat6,predicted,0.11036734067887466,Temp (Logistic_Mod),univariate
20.5,mtrat3,teffect,0.004794806534817709,Temp (Log-normal),univariate
20.5,mtrat6,teffect,0.19771589828158792,Temp (Logistic_Mod),univariate
20.5,mtrat3,predicted,0.00575370473979993,Temp (Log-normal),univariate
20.5,mtrat6,predicted,0.11036733939177491,Temp (Logistic_Mod),univariate
20.6,mtrat3,teffect,0.004628915173502533,Temp (Log-normal),univariate
20.6,mtrat6,teffect,0.1977158963362304,Temp (Logistic_Mod),univariate
20.6,mtrat3,predicted,0.005554637289432555,Temp (Log-normal),univariate
20.6,mtrat6,predicted,0.11036733830585346,Temp (Logistic_Mod),univariate
20.700000000000003,mtrat3,teffect,0.004469012045570248,Temp (Log-normal),univariate
20.700000000000003,mtrat6,teffect,0.1977158946949393,Temp (Logistic_Mod),univariate
20.700000000000003,mtrat3,predicted,0.005362755640316591,Temp (Log-normal),univariate
20.700000000000003,mtrat6,predicted,0.11036733738966548,Temp (Logistic_Mod),univariate
20.8,mtrat3,teffect,0.004314872868395761,Temp (Log-normal),univariate
20.8,mtrat6,teffect,0.1977158933101879,Temp (Logistic_Mod),univariate
20.8,mtrat3,predicted,0.005177790656253595,Temp (Log-normal),univariate
20.8,mtrat6,predicted,0.11036733661668097,Temp (Logistic_Mod),univariate
20.9,mtrat3,teffect,0.0041662820167742715,Temp (Log-normal),univariate
20.9,mtrat6,teffect,0.19771589214187812,Temp (Logistic_Mod),univariate
20.9,mtrat3,predicted,0.004999483589835539,Temp (Log-normal),univariate
20.9,mtrat6,predicted,0.1103673359645167,Temp (Logistic_Mod),univariate
21,mtrat3,teffect,0.00402303218154194,Temp (Log-normal),univariate
21,mtrat6,teffect,0.19771589115617938,Temp (Logistic_Mod),univariate
21,mtrat3,predicted,0.004827585672794103,Temp (Log-normal),univariate
21,mtrat6,predicted,0.11036733541428807,Temp (Logistic_Mod),univariate
21.1,mtrat3,teffect,0.0038849240417734667,Temp (Log-normal),univariate
21.1,mtrat6,teffect,0.19771589032454892,Temp (Logistic_Mod),univariate
21.1,mtrat3,predicted,0.00466185772264209,Temp (Log-normal),univariate
21.1,mtrat6,predicted,0.11036733495006217,Temp (Logistic_Mod),univariate
21.2,mtrat3,teffect,0.0037517659500232634,Temp (Log-normal),univariate
21.2,mtrat6,teffect,0.1977158896229053,Temp (Logistic_Mod),univariate
21.2,mtrat3,predicted,0.0045020697649669665,Temp (Log-normal),univariate
21.2,mtrat6,predicted,0.11036733455839644,Temp (Logistic_Mod),univariate
21.3,mtrat3,teffect,0.0036233736300966407,Temp (Log-normal),univariate
21.3,mtrat6,teffect,0.19771588903093107,Temp (Logistic_Mod),univariate
21.3,mtrat3,predicted,0.00434800067076027,Temp (Log-normal),univariate
21.3,mtrat6,predicted,0.11036733422794948,Temp (Logistic_Mod),univariate
21.400000000000002,mtrat3,teffect,0.003499569886856911,Temp (Log-normal),univariate
21.400000000000002,mtrat6,teffect,0.19771588853148458,Temp (Logistic_Mod),univariate
21.400000000000002,mtrat3,predicted,0.004199437808189947,Temp (Log-normal),univariate
21.400000000000002,mtrat6,predicted,0.11036733394915257,Temp (Logistic_Mod),univariate
21.5,mtrat3,teffect,0.0033801843275925833,Temp (Log-normal),univariate
21.5,mtrat6,teffect,0.19771588811010335,Temp (Logistic_Mod),univariate
21.5,mtrat3,predicted,0.004056176708244662,Temp (Log-normal),univariate
21.5,mtrat6,predicted,0.1103673337139326,Temp (Logistic_Mod),univariate
21.6,mtrat3,teffect,0.00326505309448715,Temp (Log-normal),univariate
21.6,mtrat6,teffect,0.19771588775458554,Temp (Logistic_Mod),univariate
21.6,mtrat3,predicted,0.003918020743701052,Temp (Log-normal),univariate
21.6,mtrat6,predicted,0.1103673335154784,Temp (Logistic_Mod),univariate
21.7,mtrat3,teffect,0.003154018607751204,Temp (Log-normal),univariate
21.7,mtrat6,teffect,0.19771588745463645,Temp (Logistic_Mod),univariate
21.7,mtrat3,predicted,0.003784780820885657,Temp (Log-normal),univariate
21.7,mtrat6,predicted,0.11036733334804327,Temp (Logistic_Mod),univariate
21.8,mtrat3,teffect,0.0030469293189934583,Temp (Log-normal),univariate
21.8,mtrat6,teffect,0.1977158872015705,Temp (Logistic_Mod),univariate
21.8,mtrat3,predicted,0.003656275083723381,Temp (Log-normal),univariate
21.8,mtrat6,predicted,0.11036733320677888,Temp (Logistic_Mod),univariate
21.900000000000002,mtrat3,teffect,0.0029436394744235825,Temp (Log-normal),univariate
21.900000000000002,mtrat6,teffect,0.19771588698805964,Temp (Logistic_Mod),univariate
21.900000000000002,mtrat3,predicted,0.0035323286295840203,Temp (Log-normal),univariate
21.900000000000002,mtrat6,predicted,0.11036733308759462,Temp (Logistic_Mod),univariate
22,mtrat3,teffect,0.0028440088874953475,Temp (Log-normal),univariate
22,mtrat6,teffect,0.1977158868079213,Temp (Logistic_Mod),univariate
22,mtrat3,predicted,0.003412773236457021,Temp (Log-normal),univariate
22,mtrat6,predicted,0.11036733298703927,Temp (Logistic_Mod),univariate
22.1,mtrat3,teffect,0.002747902720613713,Temp (Log-normal),univariate
22.1,mtrat6,teffect,0.19771588665593925,Temp (Logistic_Mod),univariate
22.1,mtrat3,predicted,0.0032974471010028647,Temp (Log-normal),univariate
22.1,mtrat6,predicted,0.11036733290220112,Temp (Logistic_Mod),univariate
22.2,mtrat3,teffect,0.0026551912755442236,Temp (Log-normal),univariate
22.2,mtrat6,teffect,0.19771588652771252,Temp (Logistic_Mod),univariate
22.2,mtrat3,predicted,0.003186194587047095,Temp (Log-normal),univariate
22.2,mtrat6,predicted,0.11036733283062344,Temp (Logistic_Mod),univariate
22.3,mtrat3,teffect,0.002565749792176991,Temp (Log-normal),univariate
22.3,mtrat6,teffect,0.19771588641952811,Temp (Logistic_Mod),univariate
22.3,mtrat3,predicted,0.0030788659840997505,Temp (Log-normal),univariate
22.3,mtrat6,predicted,0.11036733277023364,Temp (Logistic_Mod),univariate
22.400000000000002,mtrat3,teffect,0.0024794582553112,Temp (Log-normal),univariate
22.400000000000002,mtrat6,teffect,0.1977158863282533,Temp (Logistic_Mod),univariate
22.400000000000002,mtrat3,predicted,0.0029753172754993108,Temp (Log-normal),univariate
22.400000000000002,mtrat6,predicted,0.11036733271928295,Temp (Logistic_Mod),univariate
22.5,mtrat3,teffect,0.0023962012091392104,Temp (Log-normal),univariate
22.5,mtrat6,teffect,0.1977158862512451,Temp (Logistic_Mod),univariate
22.5,mtrat3,predicted,0.0028754099157960625,Temp (Log-normal),univariate
22.5,mtrat6,predicted,0.11036733267629607,Temp (Logistic_Mod),univariate
22.6,mtrat3,teffect,0.002315867579121754,Temp (Log-normal),univariate
22.6,mtrat6,teffect,0.19771588618627353,Temp (Logistic_Mod),univariate
22.6,mtrat3,predicted,0.002779010617004679,Temp (Log-normal),univariate
22.6,mtrat6,predicted,0.11036733264002818,Temp (Logistic_Mod),univariate
22.7,mtrat3,teffect,0.0022383505009581596,Temp (Log-normal),univariate
22.7,mtrat6,teffect,0.19771588613145724,Temp (Logistic_Mod),univariate
22.7,mtrat3,predicted,0.0026859911433707393,Temp (Log-normal),univariate
22.7,mtrat6,predicted,0.11036733260942909,Temp (Logistic_Mod),univariate
22.8,mtrat3,teffect,0.002163547156366879,Temp (Log-normal),univariate
22.8,mtrat6,teffect,0.19771588608520896,Temp (Logistic_Mod),univariate
22.8,mtrat3,predicted,0.002596228114309526,Temp (Log-normal),univariate
22.8,mtrat6,predicted,0.11036733258361275,Temp (Logistic_Mod),univariate
22.900000000000002,mtrat3,teffect,0.002091358615403175,Temp (Log-normal),univariate
22.900000000000002,mtrat6,teffect,0.19771588604618945,Temp (Logistic_Mod),univariate
22.900000000000002,mtrat3,predicted,0.002509602815189319,Temp (Log-normal),univariate
22.900000000000002,mtrat6,predicted,0.11036733256183161,Temp (Logistic_Mod),univariate
23,mtrat3,teffect,0.002021689685051414,Temp (Log-normal),univariate
23,mtrat6,teffect,0.1977158860132688,Temp (Logistic_Mod),univariate
23,mtrat3,predicted,0.002426001015644146,Temp (Log-normal),univariate
23,mtrat6,predicted,0.11036733254345492,Temp (Logistic_Mod),univariate
23.1,mtrat3,teffect,0.0019544487638400157,Temp (Log-normal),univariate
23.1,mtrat6,teffect,0.1977158859854938,Temp (Logistic_Mod),univariate
23.1,mtrat3,predicted,0.0023453127951136286,Temp (Log-normal),univariate
23.1,mtrat6,predicted,0.11036733252795058,Temp (Logistic_Mod),univariate
23.2,mtrat3,teffect,0.0018895477022369774,Temp (Log-normal),univariate
23.2,mtrat6,teffect,0.19771588596206013,Temp (Logistic_Mod),univariate
23.2,mtrat3,predicted,0.0022674323753194554,Temp (Log-normal),univariate
23.2,mtrat6,predicted,0.11036733251486963,Temp (Logistic_Mod),univariate
23.3,mtrat3,teffect,0.0018269016685937174,Temp (Log-normal),univariate
23.3,mtrat6,teffect,0.19771588594228923,Temp (Logistic_Mod),univariate
23.3,mtrat3,predicted,0.0021922579593997536,Temp (Log-normal),univariate
23.3,mtrat6,predicted,0.11036733250383328,Temp (Logistic_Mod),univariate
23.400000000000002,mtrat3,teffect,0.0017664290204141317,Temp (Log-normal),univariate
23.400000000000002,mtrat6,teffect,0.19771588592560857,Temp (Logistic_Mod),univariate
23.400000000000002,mtrat3,predicted,0.002119691577433653,Temp (Log-normal),univariate
23.400000000000002,mtrat6,predicted,0.11036733249452194,Temp (Logistic_Mod),univariate
23.5,mtrat3,teffect,0.0017080511807346802,Temp (Log-normal),univariate
23.5,mtrat6,teffect,0.19771588591153516,Temp (Logistic_Mod),univariate
23.5,mtrat3,predicted,0.002049638938099017,Temp (Log-normal),univariate
23.5,mtrat6,predicted,0.110367332486666,Temp (Logistic_Mod),univariate
23.6,mtrat3,teffect,0.0016516925194099963,Temp (Log-normal),univariate
23.6,mtrat6,teffect,0.1977158858996615,Temp (Logistic_Mod),univariate
23.6,mtrat3,predicted,0.001982009286216735,Temp (Log-normal),univariate
23.6,mtrat6,predicted,0.11036733248003798,Temp (Logistic_Mod),univariate
23.7,mtrat3,teffect,0.001597280239106677,Temp (Log-normal),univariate
23.7,mtrat6,teffect,0.19771588588964373,Temp (Logistic_Mod),univariate
23.7,mtrat3,predicted,0.0019167152659447715,Temp (Log-normal),univariate
23.7,mtrat6,predicted,0.11036733247444594,Temp (Logistic_Mod),univariate
23.8,mtrat3,teffect,0.0015447442658158435,Temp (Log-normal),univariate
23.8,mtrat6,teffect,0.19771588588119177,Temp (Logistic_Mod),univariate
23.8,mtrat3,predicted,0.00185367278939468,Temp (Log-normal),univariate
23.8,mtrat6,predicted,0.11036733246972795,Temp (Logistic_Mod),univariate
23.900000000000002,mtrat3,teffect,0.0014940171437027422,Temp (Log-normal),univariate
23.900000000000002,mtrat6,teffect,0.19771588587406086,Temp (Logistic_Mod),univariate
23.900000000000002,mtrat3,predicted,0.0017928009104525076,Temp (Log-normal),univariate
23.900000000000002,mtrat6,predicted,0.1103673324657474,Temp (Logistic_Mod),univariate
24,mtrat3,teffect,0.0014450339341188423,Temp (Log-normal),univariate
24,mtrat6,teffect,0.19771588586804456,Temp (Logistic_Mod),univariate
24,mtrat3,predicted,0.0017340217035946414,Temp (Log-normal),univariate
24,mtrat6,predicted,0.11036733246238903,Temp (Logistic_Mod),univariate
24.1,mtrat3,teffect,0.0013977321186090727,Temp (Log-normal),univariate
24.1,mtrat6,teffect,0.19771588586296862,Temp (Logistic_Mod),univariate
24.1,mtrat3,predicted,0.0016772601474977695,Temp (Log-normal),univariate
24.1,mtrat6,predicted,0.11036733245955559,Temp (Logistic_Mod),univariate
24.200000000000003,mtrat3,teffect,0.0013520515057534647,Temp (Log-normal),univariate
24.200000000000003,mtrat6,teffect,0.19771588585868607,Temp (Logistic_Mod),univariate
24.200000000000003,mtrat3,predicted,0.0016224440132500777,Temp (Log-normal),univariate
24.200000000000003,mtrat6,predicted,0.11036733245716501,Temp (Logistic_Mod),univariate
24.3,mtrat3,teffect,0.0013079341416890788,Temp (Log-normal),univariate
24.3,mtrat6,teffect,0.1977158858550729,Temp (Logistic_Mod),univariate
24.3,mtrat3,predicted,0.0015695037569787398,Temp (Log-normal),univariate
24.3,mtrat6,predicted,0.1103673324551481,Temp (Logistic_Mod),univariate
24.400000000000002,mtrat3,teffect,0.0012653242241641093,Temp (Log-normal),univariate
24.400000000000002,mtrat6,teffect,0.1977158858520245,Temp (Logistic_Mod),univariate
24.400000000000002,mtrat3,predicted,0.0015183724167159732,Temp (Log-normal),univariate
24.400000000000002,mtrat6,predicted,0.11036733245344643,Temp (Logistic_Mod),univariate
24.5,mtrat3,teffect,0.0012241680199823611,Temp (Log-normal),univariate
24.5,mtrat6,teffect,0.19771588584945254,Temp (Logistic_Mod),univariate
24.5,mtrat3,predicted,0.0014689855133334989,Temp (Log-normal),univariate
24.5,mtrat6,predicted,0.11036733245201075,Temp (Logistic_Mod),univariate
24.6,mtrat3,teffect,0.001184413785701702,Temp (Log-normal),univariate
24.6,mtrat6,teffect,0.1977158858472826,Temp (Logistic_Mod),univariate
24.6,mtrat3,predicted,0.0014212809553817273,Temp (Log-normal),univariate
24.6,mtrat6,predicted,0.11036733245079947,Temp (Logistic_Mod),univariate
24.700000000000003,mtrat3,teffect,0.0011460116914558498,Temp (Log-normal),univariate
24.700000000000003,mtrat6,teffect,0.19771588584545183,Temp (Logistic_Mod),univariate
24.700000000000003,mtrat3,predicted,0.0013751989476769044,Temp (Log-normal),univariate
24.700000000000003,mtrat6,predicted,0.1103673324497775,Temp (Logistic_Mod),univariate
24.8,mtrat3,teffect,0.0011089137477740183,Temp (Log-normal),univariate
24.8,mtrat6,teffect,0.19771588584390723,Temp (Logistic_Mod),univariate
24.8,mtrat3,predicted,0.0013306819034856522,Temp (Log-normal),univariate
24.8,mtrat6,predicted,0.11036733244891529,Temp (Logistic_Mod),univariate
24.900000000000002,mtrat3,teffect,0.0010730737352780775,Temp (Log-normal),univariate
24.900000000000002,mtrat6,teffect,0.19771588584260405,Temp (Logistic_Mod),univariate
24.900000000000002,mtrat3,predicted,0.001287674360162484,Temp (Log-normal),univariate
24.900000000000002,mtrat6,predicted,0.11036733244818783,Temp (Logistic_Mod),univariate
25,mtrat3,teffect,0.0010384471371417728,Temp (Log-normal),univariate
25,mtrat6,teffect,0.19771588584150454,Temp (Logistic_Mod),univariate
25,mtrat3,predicted,0.0012461228981017571,Temp (Log-normal),univariate
25,mtrat6,predicted,0.11036733244757407,Temp (Logistic_Mod),univariate
